Transaction_ID,Date,Customer_ID,Product,Quantity,Unit_Price,Total_Amount,Region
1,2025-07-23,CUST-1081,Keyboard,3,50.0,150,East
2,2025-09-17,CUST-1014,Smartphone,4,800.0,3200,West
3,2025-05-27,CUST-1003,Monitor,2,300.0,600,East
4,2025-11-18,CUST-1094,Keyboard,3,50.0,150,South
5,2025-12-31,CUST-1035,Monitor,1,300.0,300,South
6,2025-09-14,CUST-1031,Mouse,3,30.0,90,West
7,2025-08-01,CUST-1028,Tablet,2,450.0,900,North
8,2025-08-05,CUST-1017,Keyboard,4,50.0,200,South
9,2025-12-26,CUST-1094,Laptop,1,,1200,South
10,2025-07-25,CUST-1013,Tablet,3,450.0,1350,South
11,2025-02-12,CUST-1086,Keyboard,4,50.0,200,South
12,2025-11-24,CUST-1094,Laptop,2,1200.0,2400,North
13,2025-10-02,CUST-1069,Laptop,2,1200.0,2400,South
14,2025-10-03,CUST-1011,Keyboard,1,50.0,50,North
15,2025-11-12,CUST-1075,Tablet,1,450.0,450,East
16,2025-03-20,CUST-1054,Webcam,3,,240,North
17,2025-05-23,CUST-1004,Smartphone,4,800.0,3200,West
18,2025-02-12,CUST-1003,Laptop,4,1200.0,4800,East
19,2025-06-08,CUST-1011,Keyboard,2,50.0,100,North
20,2025-02-10,CUST-1027,Webcam,2,80.0,160,
21,2025-09-19,CUST-1029,Webcam,3,80.0,240,North
22,2025-04-15,CUST-1064,Webcam,3,80.0,240,North
23,2025-03-21,CUST-1077,Mouse,2,30.0,60,
24,2025-10-02,CUST-1003,Tablet,2,450.0,900,North
25,2025-06-17,CUST-1071,Laptop,4,1200.0,4800,West
26,2025-07-20,CUST-1025,Keyboard,4,50.0,200,West
27,2025-10-28,CUST-1091,Webcam,4,80.0,320,West
28,2025-11-21,CUST-1083,Smartphone,3,800.0,2400,North
29,2025-11-29,CUST-1089,Smartphone,4,800.0,3200,East
30,2025-12-15,CUST-1069,Headphones,1,150.0,150,West
31,2025-11-26,CUST-1053,Webcam,1,80.0,80,South
32,2025-02-03,CUST-1028,Smartphone,4,800.0,3200,South
33,2025-06-08,CUST-1057,Laptop,4,1200.0,4800,North
34,2025-12-24,CUST-1075,Tablet,2,450.0,900,East
35,2025-08-12,CUST-1035,Tablet,2,450.0,900,West
36,2025-05-03,CUST-1000,Keyboard,3,50.0,150,North
37,2025-01-30,CUST-1097,Smartphone,1,800.0,800,East
38,2025-05-06,CUST-1020,Monitor,1,300.0,300,South
39,2025-02-14,CUST-1089,Smartphone,3,800.0,2400,West
40,2025-08-11,CUST-1054,Headphones,4,150.0,600,North
41,2025-03-01,CUST-1043,Monitor,4,300.0,1200,North
42,2025-08-21,CUST-1035,Headphones,3,150.0,450,East
43,2025-11-10,CUST-1019,Webcam,1,80.0,80,North
44,2025-11-08,CUST-1027,Webcam,1,80.0,80,North
45,2025-01-29,CUST-1097,Keyboard,4,50.0,200,West
46,2025-06-08,CUST-1043,Headphones,2,150.0,300,South
47,2025-12-08,CUST-1013,Keyboard,3,50.0,150,South
48,2025-12-03,CUST-1011,Laptop,3,1200.0,3600,East
49,2025-03-31,CUST-1048,Smartphone,4,800.0,3200,South
50,2025-03-03,CUST-1012,Monitor,3,300.0,900,East
51,2025-01-07,CUST-1045,Monitor,1,300.0,300,
52,2025-12-29,CUST-1044,Keyboard,4,50.0,200,East
53,2025-03-12,CUST-1077,Smartphone,1,800.0,800,South
54,2025-12-26,CUST-1033,Tablet,2,450.0,900,North
55,2025-01-06,CUST-1005,Monitor,3,300.0,900,West
56,2025-03-25,CUST-1093,Tablet,3,450.0,1350,South
57,2025-09-12,CUST-1058,Smartphone,1,800.0,800,West
58,2025-06-27,CUST-1068,Tablet,4,450.0,1800,East
59,2025-09-25,CUST-1015,Laptop,4,1200.0,4800,South
60,2025-09-22,CUST-1048,Headphones,3,150.0,450,North
61,2025-05-13,CUST-1010,Webcam,1,80.0,80,North
62,2025-03-27,CUST-1070,Webcam,2,80.0,160,North
63,2025-07-10,CUST-1037,Keyboard,1,50.0,50,North
64,2025-03-06,CUST-1080,Laptop,4,1200.0,4800,West
65,2025-05-18,CUST-1079,Monitor,3,300.0,900,South
66,2025-03-02,CUST-1046,Keyboard,3,50.0,150,North
67,2025-01-16,CUST-1073,Keyboard,3,50.0,150,North
68,2025-06-21,CUST-1024,Webcam,2,80.0,160,North
69,2025-08-08,CUST-1090,Smartphone,2,800.0,1600,East
70,2025-05-20,CUST-1008,Monitor,4,300.0,1200,South
71,2025-09-26,CUST-1005,Keyboard,1,50.0,50,West
72,2025-02-02,CUST-1084,Monitor,1,300.0,300,East
73,2025-05-15,CUST-1029,Headphones,1,150.0,150,East
74,2025-12-31,CUST-1098,Smartphone,2,800.0,1600,West
75,2025-10-23,CUST-1037,Monitor,3,300.0,900,North
76,2025-11-18,CUST-1010,Tablet,4,450.0,1800,North
77,2025-02-09,CUST-1029,Keyboard,4,50.0,200,South
78,2025-09-12,CUST-1012,Tablet,2,450.0,900,North
79,2025-08-22,CUST-1048,Smartphone,2,800.0,1600,East
80,2025-09-19,CUST-1035,Laptop,3,1200.0,3600,East
81,2025-07-04,CUST-1058,Tablet,3,450.0,1350,East
82,2025-01-29,CUST-1081,Keyboard,2,50.0,100,West
83,2025-09-13,CUST-1046,Keyboard,4,50.0,200,North
84,2025-10-18,CUST-1020,Webcam,3,80.0,240,North
85,2025-03-27,CUST-1047,Smartphone,3,800.0,2400,North
86,2025-07-08,CUST-1045,Webcam,4,80.0,320,North
87,2025-03-22,CUST-1026,Keyboard,3,50.0,150,South
88,2025-05-11,CUST-1085,Headphones,4,150.0,600,South
89,2025-02-22,CUST-1034,Keyboard,1,50.0,50,East
90,2025-10-21,CUST-1089,Webcam,3,80.0,240,East
91,2025-12-12,CUST-1087,Webcam,3,80.0,240,West
92,2025-03-01,CUST-1082,Smartphone,1,800.0,800,East
93,2025-04-27,CUST-1009,Laptop,4,,4800,North
94,2025-09-18,CUST-1077,Headphones,3,150.0,450,East
95,2025-01-02,CUST-1081,Mouse,1,30.0,30,East
96,2025-01-23,CUST-1021,Keyboard,4,50.0,200,South
97,2025-01-07,CUST-1068,Laptop,3,1200.0,3600,North
98,2025-05-06,CUST-1093,Smartphone,2,800.0,1600,West
99,2025-01-24,CUST-1031,Monitor,1,300.0,300,West
100,2025-08-30,CUST-1020,Laptop,4,1200.0,4800,West
101,2025-07-06,CUST-1059,Keyboard,2,50.0,100,East
102,2025-07-16,CUST-1048,Laptop,4,1200.0,4800,West
103,2025-03-18,CUST-1034,Tablet,2,450.0,900,West
104,2025-04-02,CUST-1081,Webcam,2,80.0,160,West
105,2025-01-19,CUST-1088,Webcam,1,80.0,80,
106,2025-10-11,CUST-1071,Keyboard,1,50.0,50,North
107,2025-12-02,CUST-1028,Tablet,2,450.0,900,South
108,2025-08-03,CUST-1087,Headphones,1,150.0,150,North
109,2025-04-25,CUST-1041,Webcam,4,80.0,320,South
110,2025-06-14,CUST-1098,Smartphone,3,800.0,2400,North
111,2025-05-08,CUST-1099,Webcam,4,80.0,320,West
112,2025-08-02,CUST-1007,Mouse,2,30.0,60,West
113,2025-06-13,CUST-1029,Headphones,4,150.0,600,West
114,2025-05-19,CUST-1004,Mouse,2,30.0,60,South
115,2025-02-09,CUST-1040,Mouse,4,30.0,120,West
116,2025-10-20,CUST-1051,Smartphone,4,800.0,3200,East
117,2025-07-10,CUST-1034,Tablet,1,450.0,450,North
118,2025-03-03,CUST-1008,Mouse,2,30.0,60,South
119,2025-09-15,CUST-1027,Headphones,2,150.0,300,West
120,2025-12-11,CUST-1072,Webcam,3,80.0,240,West
121,2025-01-27,CUST-1091,Keyboard,4,50.0,200,North
122,2025-04-02,CUST-1040,Headphones,4,150.0,600,West
123,2025-04-25,CUST-1027,Laptop,3,1200.0,3600,West
124,2025-09-22,CUST-1083,Webcam,2,80.0,160,North
125,2025-01-24,CUST-1063,Smartphone,4,800.0,3200,North
126,2025-07-25,CUST-1050,Mouse,3,30.0,90,East
127,2025-02-05,CUST-1082,Keyboard,3,50.0,150,East
128,2025-08-27,CUST-1058,Mouse,3,30.0,90,North
129,2025-05-25,CUST-1018,Smartphone,4,800.0,3200,
130,2025-06-09,CUST-1033,Headphones,2,150.0,300,East
131,2025-06-17,CUST-1017,Laptop,2,1200.0,2400,North
132,2025-02-14,CUST-1031,Webcam,3,80.0,240,West
133,2025-10-11,CUST-1095,Headphones,3,150.0,450,South
134,2025-08-22,CUST-1071,Laptop,2,1200.0,2400,West
135,2025-01-05,CUST-1068,Monitor,3,300.0,900,East
136,2025-07-08,CUST-1033,Mouse,3,30.0,90,West
137,2025-04-13,CUST-1095,Webcam,2,80.0,160,South
138,2025-05-30,CUST-1074,Webcam,4,80.0,320,North
139,2025-10-16,CUST-1054,Laptop,3,1200.0,3600,North
140,2025-06-05,CUST-1074,Monitor,4,300.0,1200,South
141,2025-11-15,CUST-1051,Keyboard,3,50.0,150,West
142,2025-05-05,CUST-1046,Tablet,3,450.0,1350,West
143,2025-08-26,CUST-1028,Keyboard,3,50.0,150,South
144,2025-07-08,CUST-1017,Webcam,1,80.0,80,North
145,2025-10-30,CUST-1065,Webcam,4,80.0,320,West
146,2025-09-10,CUST-1063,Smartphone,4,800.0,3200,East
147,2025-04-11,CUST-1011,Laptop,3,1200.0,3600,South
148,2025-10-07,CUST-1096,Monitor,2,300.0,600,East
149,2025-05-06,CUST-1006,Tablet,3,450.0,1350,East
150,2025-03-19,CUST-1014,Keyboard,1,50.0,50,North
151,2025-01-04,CUST-1019,Laptop,3,1200.0,3600,South
152,2025-07-29,CUST-1080,Headphones,1,150.0,150,West
153,2025-01-13,CUST-1020,Smartphone,3,800.0,2400,West
154,2025-04-30,CUST-1087,Monitor,4,300.0,1200,South
155,2025-10-05,CUST-1054,Smartphone,3,,2400,North
156,2025-06-27,CUST-1076,Webcam,4,80.0,320,
157,2025-11-22,CUST-1008,Smartphone,2,800.0,1600,West
158,2025-12-22,CUST-1049,Tablet,2,450.0,900,West
159,2025-01-05,CUST-1048,Webcam,3,80.0,240,North
160,2025-06-21,CUST-1076,Keyboard,3,50.0,150,West
161,2025-01-01,CUST-1059,Keyboard,2,50.0,100,West
162,2025-12-03,CUST-1067,Headphones,1,150.0,150,East
163,2025-07-12,CUST-1032,Webcam,2,80.0,160,North
164,2025-06-07,CUST-1070,Webcam,2,80.0,160,West
165,2025-02-23,CUST-1001,Monitor,1,300.0,300,North
166,2025-04-16,CUST-1087,Webcam,2,80.0,160,North
167,2025-09-29,CUST-1092,Tablet,2,450.0,900,West
168,2025-05-02,CUST-1014,Headphones,1,150.0,150,West
169,2025-08-03,CUST-1087,Monitor,1,300.0,300,North
170,2025-09-09,CUST-1068,Tablet,4,450.0,1800,North
171,2025-01-31,CUST-1096,Smartphone,3,800.0,2400,North
172,2025-03-14,CUST-1034,Keyboard,4,50.0,200,East
173,2025-12-31,CUST-1098,Headphones,1,150.0,150,South
174,2025-05-24,CUST-1082,Mouse,2,30.0,60,West
175,2025-02-17,CUST-1043,Keyboard,1,50.0,50,East
176,2025-01-23,CUST-1014,Laptop,2,1200.0,2400,East
177,2025-04-29,CUST-1037,Keyboard,4,50.0,200,North
178,2025-09-24,CUST-1055,Keyboard,4,50.0,200,South
179,2025-07-31,CUST-1020,Webcam,4,80.0,320,West
180,2025-12-25,CUST-1058,Tablet,2,450.0,900,East
181,2025-07-10,CUST-1000,Webcam,3,80.0,240,West
182,2025-08-23,CUST-1092,Webcam,3,80.0,240,East
183,2025-02-13,CUST-1092,Mouse,3,30.0,90,West
184,2025-10-25,CUST-1033,Mouse,1,30.0,30,North
185,2025-02-18,CUST-1064,Headphones,1,150.0,150,North
186,2025-09-16,CUST-1097,Webcam,2,80.0,160,South
187,2025-03-10,CUST-1022,Mouse,1,30.0,30,North
188,2025-11-23,CUST-1064,Monitor,2,300.0,600,East
189,2025-07-21,CUST-1013,Monitor,4,300.0,1200,East
190,2025-02-08,CUST-1080,Headphones,2,150.0,300,East
191,2025-10-31,CUST-1038,Monitor,1,300.0,300,
192,2025-10-18,CUST-1081,Headphones,4,150.0,600,North
193,2025-02-01,CUST-1064,Laptop,4,1200.0,4800,
194,2025-08-11,CUST-1077,Mouse,2,30.0,60,South
195,2025-12-06,CUST-1025,Webcam,3,80.0,240,West
196,2025-03-08,CUST-1019,Headphones,1,150.0,150,South
197,2025-05-02,CUST-1047,Headphones,1,150.0,150,West
198,2025-05-30,CUST-1097,Tablet,3,450.0,1350,North
199,2025-05-14,CUST-1020,Webcam,1,80.0,80,East
200,2025-06-11,CUST-1069,Laptop,3,1200.0,3600,South
201,2025-07-21,CUST-1099,Tablet,3,450.0,1350,South
202,2025-12-25,CUST-1067,Mouse,4,30.0,120,North
203,2025-06-17,CUST-1000,Smartphone,4,800.0,3200,West
204,2025-06-12,CUST-1076,Webcam,2,80.0,160,South
205,2025-08-20,CUST-1041,Smartphone,4,800.0,3200,West
206,2025-05-20,CUST-1062,Webcam,3,80.0,240,South
207,2025-04-30,CUST-1002,Laptop,2,1200.0,2400,East
208,2025-02-08,CUST-1014,Tablet,1,450.0,450,North
209,2025-04-14,CUST-1046,Headphones,3,150.0,450,West
210,2025-03-11,CUST-1039,Tablet,2,450.0,900,North
211,2025-10-27,CUST-1030,Smartphone,4,800.0,3200,North
212,2025-02-25,CUST-1007,Webcam,3,80.0,240,West
213,2025-03-21,CUST-1030,Keyboard,2,50.0,100,West
214,2025-02-24,CUST-1072,Mouse,1,30.0,30,South
215,2025-03-26,CUST-1010,Headphones,3,150.0,450,West
216,2025-08-19,CUST-1010,Smartphone,3,800.0,2400,North
217,2025-08-27,CUST-1093,Mouse,2,30.0,60,North
218,2025-06-10,CUST-1062,Headphones,2,150.0,300,West
219,2025-07-28,CUST-1008,Mouse,4,30.0,120,West
220,2025-03-03,CUST-1097,Webcam,4,80.0,320,South
221,2025-10-02,CUST-1068,Laptop,3,1200.0,3600,South
222,2025-07-03,CUST-1098,Smartphone,1,800.0,800,South
223,2025-04-17,CUST-1016,Monitor,4,,1200,North
224,2025-08-20,CUST-1016,Keyboard,1,50.0,50,West
225,2025-06-07,CUST-1084,Monitor,2,300.0,600,East
226,2025-08-26,CUST-1060,Smartphone,2,800.0,1600,West
227,2025-05-16,CUST-1070,Headphones,4,150.0,600,West
228,2025-03-03,CUST-1021,Smartphone,3,800.0,2400,South
229,2025-02-16,CUST-1033,Smartphone,2,800.0,1600,East
230,2025-03-22,CUST-1067,Webcam,1,80.0,80,West
231,2025-12-18,CUST-1077,Tablet,3,450.0,1350,East
232,2025-06-05,CUST-1054,Keyboard,4,50.0,200,East
233,2025-12-27,CUST-1027,Laptop,2,1200.0,2400,West
234,2025-12-23,CUST-1069,Laptop,4,1200.0,4800,South
235,2025-11-05,CUST-1096,Mouse,3,30.0,90,South
236,2025-01-21,CUST-1093,Laptop,3,1200.0,3600,West
237,2025-04-21,CUST-1088,Keyboard,3,50.0,150,East
238,2025-06-17,CUST-1025,Mouse,1,30.0,30,East
239,2025-03-17,CUST-1091,Mouse,3,,90,South
240,2025-02-16,CUST-1039,Headphones,3,150.0,450,South
241,2025-12-31,CUST-1051,Tablet,2,450.0,900,South
242,2025-05-08,CUST-1085,Monitor,1,300.0,300,East
243,2025-07-02,CUST-1083,Headphones,1,150.0,150,East
244,2025-07-22,CUST-1047,Tablet,4,450.0,1800,South
245,2025-09-20,CUST-1056,Tablet,3,450.0,1350,South
246,2025-01-26,CUST-1066,Tablet,2,450.0,900,East
247,2025-12-13,CUST-1057,Smartphone,4,800.0,3200,North
248,2025-06-03,CUST-1015,Headphones,3,150.0,450,East
249,2025-05-14,CUST-1031,Monitor,1,300.0,300,West
250,2025-03-31,CUST-1028,Webcam,3,80.0,240,West
251,2025-01-16,CUST-1008,Tablet,3,450.0,1350,East
252,2025-07-27,CUST-1043,Monitor,2,300.0,600,West
253,2025-08-20,CUST-1002,Webcam,2,80.0,160,North
254,2025-10-12,CUST-1075,Keyboard,2,50.0,100,North
255,2025-10-09,CUST-1070,Webcam,4,80.0,320,North
256,2025-05-08,CUST-1029,Keyboard,2,50.0,100,West
257,2025-02-18,CUST-1075,Laptop,4,1200.0,4800,South
258,2025-08-25,CUST-1028,Webcam,3,80.0,240,North
259,2025-02-22,CUST-1000,Keyboard,4,50.0,200,North
260,2025-03-13,CUST-1009,Tablet,4,450.0,1800,South
261,2025-03-04,CUST-1090,Smartphone,2,800.0,1600,East
262,2025-01-07,CUST-1080,Webcam,2,80.0,160,South
263,2025-02-01,CUST-1007,Mouse,1,30.0,30,East
264,2025-04-24,CUST-1029,Keyboard,4,50.0,200,East
265,2025-03-08,CUST-1008,Headphones,3,150.0,450,South
266,2025-04-12,CUST-1004,Keyboard,1,50.0,50,North
267,2025-07-25,CUST-1042,Webcam,1,80.0,80,East
268,2025-07-10,CUST-1009,Keyboard,1,50.0,50,South
269,2025-12-18,CUST-1065,Monitor,2,300.0,600,North
270,2025-11-19,CUST-1030,Headphones,2,150.0,300,East
271,2025-11-27,CUST-1035,Webcam,2,80.0,160,West
272,2025-02-13,CUST-1085,Smartphone,3,800.0,2400,North
273,2025-10-26,CUST-1062,Monitor,4,300.0,1200,South
274,2025-10-28,CUST-1027,Headphones,1,150.0,150,West
275,2025-05-13,CUST-1069,Mouse,2,30.0,60,South
276,2025-02-08,CUST-1016,Keyboard,4,50.0,200,
277,2025-01-12,CUST-1092,Keyboard,1,50.0,50,North
278,2025-02-03,CUST-1073,Laptop,4,1200.0,4800,West
279,2025-04-12,CUST-1073,Headphones,1,150.0,150,
280,2025-11-27,CUST-1060,Keyboard,4,50.0,200,West
281,2025-08-16,CUST-1031,Laptop,2,1200.0,2400,East
282,2025-03-07,CUST-1100,Laptop,4,1200.0,4800,North
283,2025-02-17,CUST-1060,Webcam,4,80.0,320,North
284,2025-06-19,CUST-1052,Keyboard,1,50.0,50,East
285,2025-03-04,CUST-1024,Monitor,4,300.0,1200,South
286,2025-01-22,CUST-1012,Mouse,3,30.0,90,West
287,2025-08-25,CUST-1012,Monitor,1,300.0,300,South
288,2025-01-26,CUST-1084,Monitor,4,300.0,1200,East
289,2025-03-28,CUST-1055,Keyboard,3,50.0,150,
290,2025-10-21,CUST-1045,Tablet,1,450.0,450,South
291,2025-08-10,CUST-1054,Smartphone,2,800.0,1600,East
292,2025-07-22,CUST-1052,Laptop,1,1200.0,1200,West
293,2025-09-12,CUST-1059,Keyboard,1,50.0,50,South
294,2025-01-16,CUST-1093,Webcam,4,80.0,320,North
295,2025-07-15,CUST-1006,Laptop,3,1200.0,3600,South
296,2025-12-16,CUST-1086,Mouse,1,30.0,30,South
297,2025-08-07,CUST-1083,Tablet,1,450.0,450,North
298,2025-03-30,CUST-1082,Smartphone,1,800.0,800,West
299,2025-07-01,CUST-1012,Keyboard,4,50.0,200,North
300,2025-04-20,CUST-1007,Mouse,1,30.0,30,West
301,2025-04-06,CUST-1051,Headphones,3,150.0,450,East
302,2025-05-21,CUST-1093,Tablet,4,450.0,1800,East
303,2025-05-24,CUST-1043,Monitor,2,300.0,600,South
304,2025-08-17,CUST-1013,Tablet,2,450.0,900,South
305,2025-03-18,CUST-1031,Mouse,4,30.0,120,East
306,2025-01-18,CUST-1024,Keyboard,3,50.0,150,North
307,2025-11-11,CUST-1024,Tablet,4,450.0,1800,East
308,2025-11-14,CUST-1068,Keyboard,4,50.0,200,West
309,2025-11-12,CUST-1057,Webcam,4,80.0,320,South
310,2025-05-06,CUST-1017,Keyboard,4,50.0,200,North
311,2025-11-28,CUST-1054,Mouse,1,30.0,30,South
312,2025-06-01,CUST-1023,Smartphone,2,800.0,1600,East
313,2025-09-13,CUST-1035,Webcam,3,80.0,240,North
314,2025-07-30,CUST-1059,Smartphone,1,800.0,800,East
315,2025-10-09,CUST-1031,Tablet,2,450.0,900,West
316,2025-09-03,CUST-1009,Monitor,4,300.0,1200,East
317,2025-02-01,CUST-1056,Headphones,2,150.0,300,North
318,2025-02-14,CUST-1070,Mouse,2,30.0,60,East
319,2025-05-24,CUST-1012,Smartphone,1,800.0,800,South
320,2025-07-16,CUST-1006,Headphones,1,150.0,150,South
321,2025-03-12,CUST-1083,Laptop,3,1200.0,3600,North
322,2025-08-03,CUST-1069,Keyboard,4,50.0,200,South
323,2025-04-13,CUST-1001,Smartphone,4,800.0,3200,West
324,2025-11-26,CUST-1011,Webcam,4,80.0,320,West
325,2025-09-27,CUST-1096,Mouse,2,30.0,60,North
326,2025-05-08,CUST-1030,Keyboard,2,50.0,100,East
327,2025-11-19,CUST-1021,Headphones,4,150.0,600,South
328,2025-10-06,CUST-1052,Mouse,3,30.0,90,South
329,2025-01-10,CUST-1062,Smartphone,2,800.0,1600,
330,2025-07-15,CUST-1061,Monitor,3,300.0,900,East
331,2025-07-03,CUST-1027,Webcam,2,80.0,160,East
332,2025-09-03,CUST-1051,Laptop,1,1200.0,1200,East
333,2025-10-06,CUST-1007,Mouse,1,30.0,30,South
334,2025-09-06,CUST-1021,Monitor,4,300.0,1200,West
335,2025-06-26,CUST-1048,Smartphone,1,800.0,800,North
336,2025-10-17,CUST-1000,Webcam,2,80.0,160,North
337,2025-09-15,CUST-1049,Keyboard,2,50.0,100,East
338,2025-06-14,CUST-1033,Headphones,1,150.0,150,West
339,2025-07-18,CUST-1100,Smartphone,1,800.0,800,South
340,2025-05-19,CUST-1100,Tablet,1,450.0,450,South
341,2025-04-03,CUST-1058,Laptop,4,1200.0,4800,North
342,2025-01-14,CUST-1036,Laptop,1,1200.0,1200,East
343,2025-06-13,CUST-1054,Keyboard,2,50.0,100,West
344,2025-11-02,CUST-1089,Webcam,1,80.0,80,North
345,2025-04-23,CUST-1093,Smartphone,4,800.0,3200,West
346,2025-01-16,CUST-1100,Smartphone,4,800.0,3200,East
347,2025-05-24,CUST-1071,Monitor,2,300.0,600,East
348,2025-01-30,CUST-1084,Tablet,2,450.0,900,North
349,2025-08-30,CUST-1091,Headphones,1,150.0,150,East
350,2025-09-29,CUST-1062,Webcam,2,80.0,160,West
351,2025-07-03,CUST-1019,Mouse,3,,90,West
352,2025-10-27,CUST-1024,Headphones,2,150.0,300,North
353,2025-04-30,CUST-1037,Tablet,3,450.0,1350,East
354,2025-03-23,CUST-1027,Headphones,3,150.0,450,South
355,2025-02-21,CUST-1007,Smartphone,2,800.0,1600,East
356,2025-05-07,CUST-1074,Webcam,3,80.0,240,North
357,2025-12-03,CUST-1094,Headphones,2,150.0,300,North
358,2025-05-04,CUST-1069,Keyboard,2,50.0,100,South
359,2025-05-17,CUST-1007,Laptop,4,1200.0,4800,North
360,2025-10-01,CUST-1095,Mouse,3,30.0,90,North
361,2025-01-29,CUST-1040,Monitor,3,300.0,900,South
362,2025-04-23,CUST-1007,Webcam,1,80.0,80,South
363,2025-10-22,CUST-1006,Webcam,2,80.0,160,West
364,2025-07-18,CUST-1074,Monitor,4,300.0,1200,North
365,2025-07-01,CUST-1061,Mouse,4,30.0,120,South
366,2025-03-30,CUST-1064,Smartphone,1,800.0,800,West
367,2025-04-01,CUST-1067,Mouse,3,30.0,90,North
368,2025-05-02,CUST-1020,Mouse,4,30.0,120,South
369,2025-10-31,CUST-1007,Laptop,3,1200.0,3600,North
370,2025-06-12,CUST-1065,Headphones,4,150.0,600,West
371,2025-12-24,CUST-1010,Keyboard,4,50.0,200,East
372,2025-07-03,CUST-1023,Monitor,2,300.0,600,North
373,2025-10-30,CUST-1008,Smartphone,3,800.0,2400,North
374,2025-01-15,CUST-1076,Webcam,4,80.0,320,North
375,2025-12-27,CUST-1008,Smartphone,2,800.0,1600,North
376,2025-12-25,CUST-1086,Monitor,4,300.0,1200,South
377,2025-06-30,CUST-1030,Laptop,2,1200.0,2400,East
378,2025-10-18,CUST-1051,Laptop,2,1200.0,2400,North
379,2025-10-16,CUST-1015,Mouse,3,30.0,90,South
380,2025-03-14,CUST-1072,Monitor,2,300.0,600,East
381,2025-10-16,CUST-1031,Tablet,4,450.0,1800,West
382,2025-04-07,CUST-1074,Monitor,1,300.0,300,West
383,2025-09-10,CUST-1076,Smartphone,4,800.0,3200,West
384,2025-10-05,CUST-1005,Monitor,4,300.0,1200,West
385,2025-06-08,CUST-1079,Monitor,2,300.0,600,West
386,2025-03-31,CUST-1010,Monitor,4,300.0,1200,East
387,2025-09-09,CUST-1053,Mouse,2,30.0,60,North
388,2025-01-20,CUST-1084,Tablet,3,450.0,1350,West
389,2025-02-16,CUST-1074,Laptop,2,1200.0,2400,North
390,2025-01-29,CUST-1072,Keyboard,3,50.0,150,North
391,2025-04-30,CUST-1066,Tablet,1,450.0,450,North
392,2025-11-05,CUST-1040,Tablet,4,450.0,1800,North
393,2025-04-23,CUST-1033,Keyboard,3,50.0,150,North
394,2025-01-11,CUST-1026,Tablet,1,450.0,450,East
395,2025-09-27,CUST-1085,Smartphone,2,800.0,1600,North
396,2025-09-02,CUST-1091,Laptop,1,1200.0,1200,East
397,2025-01-01,CUST-1040,Tablet,3,450.0,1350,East
398,2025-06-19,CUST-1030,Laptop,4,1200.0,4800,North
399,2025-11-11,CUST-1033,Mouse,1,30.0,30,East
400,2025-04-14,CUST-1050,Monitor,1,300.0,300,West
401,2025-03-08,CUST-1016,Mouse,2,30.0,60,West
402,2025-06-24,CUST-1085,Laptop,2,1200.0,2400,West
403,2025-04-01,CUST-1082,Tablet,4,450.0,1800,North
404,2025-06-15,CUST-1038,Keyboard,2,50.0,100,West
405,2025-01-31,CUST-1058,Laptop,3,1200.0,3600,South
406,2025-01-12,CUST-1040,Tablet,3,450.0,1350,South
407,2025-03-17,CUST-1096,Headphones,1,150.0,150,South
408,2025-10-28,CUST-1009,Smartphone,2,800.0,1600,West
409,2025-12-27,CUST-1001,Smartphone,2,800.0,1600,East
410,2025-03-14,CUST-1058,Webcam,1,80.0,80,South
411,2025-02-26,CUST-1079,Webcam,4,80.0,320,East
412,2025-09-27,CUST-1072,Mouse,2,30.0,60,East
413,2025-07-06,CUST-1012,Smartphone,2,800.0,1600,North
414,2025-02-07,CUST-1009,Webcam,4,80.0,320,South
415,2025-07-11,CUST-1068,Monitor,2,300.0,600,North
416,2025-12-27,CUST-1027,Laptop,3,1200.0,3600,North
417,2025-12-06,CUST-1064,Keyboard,3,50.0,150,North
418,2025-07-22,CUST-1033,Webcam,4,80.0,320,West
419,2025-10-28,CUST-1016,Laptop,4,1200.0,4800,North
420,2025-02-21,CUST-1044,Laptop,3,1200.0,3600,East
421,2025-06-22,CUST-1008,Webcam,3,80.0,240,South
422,2025-06-04,CUST-1031,Headphones,3,150.0,450,East
423,2025-06-15,CUST-1047,Headphones,3,150.0,450,South
424,2025-03-11,CUST-1036,Smartphone,4,800.0,3200,West
425,2025-03-22,CUST-1020,Webcam,4,80.0,320,South
426,2025-08-12,CUST-1056,Webcam,1,80.0,80,South
427,2025-11-24,CUST-1069,Smartphone,4,800.0,3200,South
428,2025-09-07,CUST-1090,Smartphone,3,800.0,2400,South
429,2025-11-29,CUST-1038,Mouse,2,30.0,60,East
430,2025-06-12,CUST-1078,Tablet,3,450.0,1350,South
431,2025-03-31,CUST-1083,Smartphone,3,,2400,North
432,2025-12-29,CUST-1067,Tablet,4,450.0,1800,South
433,2025-10-15,CUST-1001,Keyboard,1,50.0,50,North
434,2025-12-22,CUST-1085,Mouse,2,30.0,60,West
435,2025-11-11,CUST-1070,Headphones,2,150.0,300,North
436,2025-07-02,CUST-1038,Keyboard,1,50.0,50,East
437,2025-04-25,CUST-1084,Webcam,3,80.0,240,North
438,2025-12-07,CUST-1013,Headphones,4,150.0,600,East
439,2025-10-29,CUST-1017,Smartphone,3,800.0,2400,North
440,2025-03-31,CUST-1033,Smartphone,2,800.0,1600,South
441,2025-07-13,CUST-1014,Monitor,2,300.0,600,West
442,2025-06-07,CUST-1013,Headphones,3,150.0,450,East
443,2025-12-19,CUST-1095,Webcam,2,80.0,160,East
444,2025-05-31,CUST-1070,Monitor,4,300.0,1200,South
445,2025-03-07,CUST-1019,Headphones,2,150.0,300,South
446,2025-04-01,CUST-1034,Mouse,4,30.0,120,North
447,2025-01-01,CUST-1036,Webcam,3,80.0,240,East
448,2025-12-26,CUST-1077,Headphones,3,150.0,450,North
449,2025-10-21,CUST-1026,Headphones,4,150.0,600,
450,2025-07-20,CUST-1091,Smartphone,4,800.0,3200,East
451,2025-10-18,CUST-1043,Mouse,4,30.0,120,West
452,2025-01-17,CUST-1026,Headphones,2,150.0,300,West
453,2025-04-04,CUST-1087,Mouse,3,30.0,90,East
454,2025-11-05,CUST-1081,Keyboard,2,50.0,100,East
455,2025-06-12,CUST-1033,Mouse,2,30.0,60,South
456,2025-11-10,CUST-1064,Tablet,4,450.0,1800,East
457,2025-04-24,CUST-1062,Webcam,2,80.0,160,East
458,2025-11-24,CUST-1032,Smartphone,1,800.0,800,West
459,2025-10-17,CUST-1006,Smartphone,1,800.0,800,South
460,2025-02-23,CUST-1011,Smartphone,1,800.0,800,North
461,2025-09-12,CUST-1081,Smartphone,1,800.0,800,East
462,2025-03-14,CUST-1054,Headphones,1,150.0,150,South
463,2025-06-19,CUST-1035,Smartphone,4,800.0,3200,South
464,2025-02-09,CUST-1005,Mouse,2,30.0,60,West
465,2025-05-02,CUST-1000,Tablet,2,450.0,900,East
466,2025-06-27,CUST-1042,Laptop,1,1200.0,1200,East
467,2025-06-13,CUST-1098,Mouse,2,30.0,60,South
468,2025-03-27,CUST-1016,Smartphone,1,800.0,800,East
469,2025-11-22,CUST-1081,Headphones,2,150.0,300,West
470,2025-02-15,CUST-1033,Mouse,4,30.0,120,West
471,2025-12-29,CUST-1020,Headphones,3,150.0,450,West
472,2025-12-10,CUST-1094,Laptop,1,1200.0,1200,East
473,2025-11-24,CUST-1056,Keyboard,4,50.0,200,East
474,2025-06-21,CUST-1070,Keyboard,4,50.0,200,West
475,2025-08-17,CUST-1090,Mouse,1,30.0,30,North
476,2025-01-06,CUST-1054,Smartphone,1,800.0,800,South
477,2025-05-16,CUST-1071,Monitor,4,300.0,1200,North
478,2025-04-18,CUST-1001,Tablet,1,450.0,450,East
479,2025-05-08,CUST-1014,Webcam,1,80.0,80,South
480,2025-12-21,CUST-1009,Monitor,3,300.0,900,South
481,2025-02-04,CUST-1088,Smartphone,3,800.0,2400,East
482,2025-06-29,CUST-1019,Mouse,1,30.0,30,North
483,2025-05-12,CUST-1069,Mouse,4,30.0,120,North
484,2025-02-25,CUST-1004,Smartphone,2,800.0,1600,North
485,2025-01-01,CUST-1047,Keyboard,1,50.0,50,North
486,2025-01-25,CUST-1074,Monitor,1,300.0,300,West
487,2025-07-17,CUST-1070,Headphones,2,150.0,300,South
488,2025-08-13,CUST-1018,Laptop,2,1200.0,2400,North
489,2025-08-03,CUST-1055,Keyboard,2,50.0,100,East
490,2025-03-27,CUST-1016,Laptop,3,1200.0,3600,West
491,2025-07-31,CUST-1005,Tablet,3,450.0,1350,South
492,2025-09-10,CUST-1039,Keyboard,3,50.0,150,East
493,2025-07-13,CUST-1046,Keyboard,4,50.0,200,West
494,2025-06-29,CUST-1005,Mouse,1,30.0,30,South
495,2025-10-07,CUST-1045,Mouse,3,30.0,90,East
496,2025-07-12,CUST-1026,Laptop,4,1200.0,4800,South
497,2025-02-21,CUST-1087,Tablet,4,450.0,1800,West
498,2025-09-03,CUST-1031,Tablet,2,450.0,900,North
499,2025-10-23,CUST-1085,Headphones,2,150.0,300,West
500,2025-11-30,CUST-1013,Smartphone,3,800.0,2400,East
501,2025-12-18,CUST-1045,Tablet,1,450.0,450,North
502,2025-04-26,CUST-1099,Laptop,1,1200.0,1200,South
503,2025-03-25,CUST-1071,Smartphone,1,800.0,800,South
504,2025-08-20,CUST-1052,Monitor,4,300.0,1200,
505,2025-02-07,CUST-1079,Headphones,4,150.0,600,West
506,2025-01-18,CUST-1095,Headphones,4,,600,South
507,2025-05-31,CUST-1019,Webcam,4,80.0,320,South
508,2025-01-11,CUST-1030,Mouse,1,30.0,30,South
509,2025-06-13,CUST-1020,Tablet,1,450.0,450,West
510,2025-05-14,CUST-1022,Mouse,2,30.0,60,East
511,2025-02-23,CUST-1052,Keyboard,1,50.0,50,North
512,2025-02-07,CUST-1003,Mouse,4,30.0,120,South
513,2025-06-25,CUST-1022,Smartphone,4,800.0,3200,West
514,2025-03-29,CUST-1094,Laptop,3,1200.0,3600,South
515,2025-07-12,CUST-1042,Tablet,1,450.0,450,North
516,2025-03-24,CUST-1100,Tablet,1,450.0,450,East
517,2025-02-08,CUST-1052,Laptop,2,1200.0,2400,East
518,2025-10-08,CUST-1085,Smartphone,2,800.0,1600,South
519,2025-02-17,CUST-1094,Keyboard,4,50.0,200,North
520,2025-06-23,CUST-1031,Webcam,3,80.0,240,South
521,2025-11-01,CUST-1034,Headphones,1,150.0,150,East
522,2025-11-11,CUST-1020,Webcam,1,80.0,80,West
523,2025-09-05,CUST-1100,Webcam,3,80.0,240,West
524,2025-12-27,CUST-1089,Headphones,1,150.0,150,West
525,2025-01-16,CUST-1013,Keyboard,2,50.0,100,North
526,2025-08-09,CUST-1048,Monitor,3,300.0,900,North
527,2025-12-01,CUST-1004,Smartphone,1,800.0,800,East
528,2025-03-26,CUST-1060,Mouse,2,30.0,60,North
529,2025-11-07,CUST-1028,Headphones,2,150.0,300,East
530,2025-08-11,CUST-1025,Smartphone,4,800.0,3200,East
531,2025-03-22,CUST-1058,Keyboard,1,50.0,50,South
532,2025-01-28,CUST-1044,Webcam,3,80.0,240,West
533,2025-02-21,CUST-1039,Keyboard,2,50.0,100,West
534,2025-06-19,CUST-1029,Laptop,2,1200.0,2400,East
535,2025-04-16,CUST-1028,Monitor,4,300.0,1200,North
536,2025-04-08,CUST-1003,Headphones,3,150.0,450,East
537,2025-07-29,CUST-1084,Laptop,4,1200.0,4800,West
538,2025-12-23,CUST-1024,Laptop,2,1200.0,2400,South
539,2025-10-11,CUST-1051,Monitor,1,300.0,300,West
540,2025-10-04,CUST-1042,Keyboard,3,50.0,150,East
541,2025-05-16,CUST-1035,Monitor,1,300.0,300,East
542,2025-12-05,CUST-1008,Tablet,1,450.0,450,West
543,2025-05-25,CUST-1098,Keyboard,4,50.0,200,West
544,2025-06-02,CUST-1035,Keyboard,2,50.0,100,North
545,2025-05-02,CUST-1044,Mouse,1,30.0,30,South
546,2025-02-19,CUST-1082,Smartphone,3,800.0,2400,West
547,2025-01-26,CUST-1065,Laptop,4,1200.0,4800,South
548,2025-07-21,CUST-1051,Webcam,3,80.0,240,
549,2025-10-20,CUST-1086,Headphones,1,150.0,150,North
550,2025-10-09,CUST-1068,Tablet,3,450.0,1350,East
551,2025-09-09,CUST-1042,Tablet,4,450.0,1800,South
552,2025-03-20,CUST-1003,Headphones,4,150.0,600,South
553,2025-01-28,CUST-1014,Monitor,2,300.0,600,South
554,2025-07-04,CUST-1033,Mouse,3,30.0,90,South
555,2025-01-02,CUST-1022,Smartphone,4,800.0,3200,East
556,2025-08-07,CUST-1074,Headphones,4,150.0,600,North
557,2025-02-14,CUST-1033,Laptop,2,1200.0,2400,South
558,2025-05-31,CUST-1004,Headphones,4,150.0,600,West
559,2025-12-05,CUST-1013,Laptop,1,1200.0,1200,East
560,2025-11-17,CUST-1076,Webcam,3,80.0,240,North
561,2025-11-04,CUST-1055,Smartphone,2,800.0,1600,West
562,2025-09-03,CUST-1044,Mouse,1,30.0,30,West
563,2025-04-13,CUST-1093,Headphones,1,150.0,150,West
564,2025-02-19,CUST-1100,Headphones,3,150.0,450,South
565,2025-01-14,CUST-1040,Headphones,2,150.0,300,South
566,2025-04-16,CUST-1055,Keyboard,4,50.0,200,West
567,2025-03-29,CUST-1077,Smartphone,2,800.0,1600,North
568,2025-11-23,CUST-1065,Headphones,4,150.0,600,South
569,2025-05-30,CUST-1014,Laptop,3,1200.0,3600,North
570,2025-02-11,CUST-1049,Mouse,3,30.0,90,South
571,2025-08-31,CUST-1073,Tablet,1,450.0,450,South
572,2025-03-01,CUST-1024,Webcam,1,80.0,80,South
573,2025-06-07,CUST-1032,Mouse,1,30.0,30,North
574,2025-07-23,CUST-1005,Smartphone,3,800.0,2400,South
575,2025-08-30,CUST-1090,Headphones,4,150.0,600,North
576,2025-09-08,CUST-1055,Smartphone,3,800.0,2400,South
577,2025-12-05,CUST-1000,Monitor,3,300.0,900,East
578,2025-05-16,CUST-1066,Headphones,1,150.0,150,South
579,2025-02-16,CUST-1068,Headphones,2,150.0,300,West
580,2025-11-25,CUST-1087,Smartphone,1,800.0,800,North
581,2025-10-06,CUST-1092,Headphones,2,150.0,300,East
582,2025-07-18,CUST-1094,Keyboard,4,50.0,200,North
583,2025-04-05,CUST-1094,Mouse,4,30.0,120,South
584,2025-07-09,CUST-1085,Monitor,4,300.0,1200,West
585,2025-07-15,CUST-1025,Mouse,1,30.0,30,West
586,2025-07-09,CUST-1046,Tablet,1,450.0,450,West
587,2025-04-06,CUST-1055,Smartphone,1,800.0,800,South
588,2025-08-17,CUST-1008,Smartphone,3,800.0,2400,South
589,2025-01-23,CUST-1085,Monitor,1,300.0,300,West
590,2025-05-15,CUST-1042,Mouse,3,30.0,90,South
591,2025-08-14,CUST-1079,Mouse,4,30.0,120,South
592,2025-08-27,CUST-1040,Tablet,1,450.0,450,East
593,2025-05-15,CUST-1084,Monitor,3,300.0,900,South
594,2025-04-26,CUST-1015,Smartphone,4,800.0,3200,East
595,2025-05-18,CUST-1092,Tablet,4,450.0,1800,West
596,2025-10-16,CUST-1038,Keyboard,1,50.0,50,North
597,2025-02-01,CUST-1064,Monitor,2,300.0,600,South
598,2025-03-19,CUST-1039,Tablet,2,450.0,900,West
599,2025-12-23,CUST-1085,Tablet,4,450.0,1800,West
600,2025-12-08,CUST-1052,Smartphone,2,800.0,1600,South
601,2025-02-19,CUST-1041,Tablet,2,450.0,900,North
602,2025-02-13,CUST-1051,Webcam,3,80.0,240,North
603,2025-12-09,CUST-1089,Webcam,3,80.0,240,South
604,2025-06-26,CUST-1037,Webcam,3,80.0,240,West
605,2025-10-05,CUST-1070,Mouse,4,30.0,120,South
606,2025-07-31,CUST-1016,Mouse,2,30.0,60,North
607,2025-10-29,CUST-1024,Tablet,1,450.0,450,South
608,2025-04-27,CUST-1053,Webcam,2,80.0,160,West
609,2025-10-11,CUST-1085,Smartphone,4,800.0,3200,North
610,2025-02-01,CUST-1048,Webcam,3,80.0,240,North
611,2025-07-18,CUST-1086,Webcam,4,80.0,320,North
612,2025-09-25,CUST-1095,Keyboard,3,50.0,150,West
613,2025-08-03,CUST-1022,Keyboard,4,50.0,200,South
614,2025-10-02,CUST-1078,Laptop,1,1200.0,1200,North
615,2025-12-18,CUST-1072,Mouse,3,30.0,90,West
616,2025-09-01,CUST-1038,Smartphone,3,800.0,2400,West
617,2025-10-21,CUST-1051,Keyboard,2,50.0,100,East
618,2025-05-01,CUST-1070,Webcam,4,80.0,320,North
619,2025-09-01,CUST-1000,Webcam,2,80.0,160,West
620,2025-06-03,CUST-1038,Laptop,4,1200.0,4800,South
621,2025-02-10,CUST-1036,Laptop,1,1200.0,1200,West
622,2025-07-22,CUST-1026,Mouse,2,30.0,60,West
623,2025-01-18,CUST-1055,Keyboard,3,50.0,150,East
624,2025-09-15,CUST-1100,Smartphone,1,800.0,800,North
625,2025-10-20,CUST-1074,Smartphone,4,800.0,3200,West
626,2025-09-22,CUST-1077,Headphones,3,150.0,450,South
627,2025-10-20,CUST-1083,Webcam,4,80.0,320,East
628,2025-12-13,CUST-1041,Laptop,3,1200.0,3600,West
629,2025-11-14,CUST-1059,Webcam,4,80.0,320,South
630,2025-03-17,CUST-1056,Monitor,3,300.0,900,North
631,2025-03-03,CUST-1056,Mouse,4,30.0,120,East
632,2025-08-18,CUST-1086,Webcam,2,80.0,160,West
633,2025-03-30,CUST-1027,Tablet,3,450.0,1350,East
634,2025-03-27,CUST-1065,Laptop,3,1200.0,3600,South
635,2025-04-19,CUST-1060,Webcam,2,80.0,160,North
636,2025-04-09,CUST-1094,Smartphone,4,800.0,3200,North
637,2025-03-06,CUST-1021,Mouse,3,30.0,90,North
638,2025-01-22,CUST-1084,Smartphone,2,800.0,1600,
639,2025-08-05,CUST-1010,Tablet,4,450.0,1800,West
640,2025-02-10,CUST-1036,Laptop,3,1200.0,3600,South
641,2025-12-16,CUST-1065,Monitor,3,300.0,900,East
642,2025-08-11,CUST-1084,Webcam,4,80.0,320,West
643,2025-04-14,CUST-1081,Webcam,2,80.0,160,East
644,2025-11-18,CUST-1079,Tablet,3,450.0,1350,North
645,2025-03-17,CUST-1042,Mouse,4,30.0,120,South
646,2025-11-01,CUST-1011,Mouse,3,30.0,90,West
647,2025-05-13,CUST-1096,Keyboard,4,50.0,200,East
648,2025-06-13,CUST-1030,Headphones,3,150.0,450,East
649,2025-02-04,CUST-1086,Headphones,1,150.0,150,West
650,2025-02-14,CUST-1039,Mouse,2,30.0,60,East
651,2025-07-18,CUST-1028,Laptop,2,1200.0,2400,East
652,2025-10-12,CUST-1025,Mouse,1,30.0,30,West
653,2025-07-23,CUST-1018,Smartphone,4,800.0,3200,South
654,2025-10-10,CUST-1003,Mouse,2,30.0,60,West
655,2025-06-16,CUST-1005,Smartphone,4,800.0,3200,West
656,2025-05-22,CUST-1031,Headphones,3,150.0,450,South
657,2025-09-24,CUST-1060,Keyboard,1,50.0,50,East
658,2025-08-23,CUST-1078,Keyboard,4,50.0,200,West
659,2025-01-07,CUST-1098,Tablet,4,450.0,1800,East
660,2025-12-25,CUST-1009,Mouse,2,30.0,60,East
661,2025-11-16,CUST-1058,Smartphone,3,800.0,2400,East
662,2025-10-28,CUST-1053,Tablet,2,450.0,900,West
663,2025-09-25,CUST-1080,Mouse,3,30.0,90,South
664,2025-08-03,CUST-1073,Keyboard,2,50.0,100,North
665,2025-02-27,CUST-1024,Headphones,4,150.0,600,South
666,2025-08-01,CUST-1091,Tablet,4,450.0,1800,West
667,2025-03-18,CUST-1089,Smartphone,1,800.0,800,South
668,2025-03-17,CUST-1049,Keyboard,4,50.0,200,North
669,2025-10-18,CUST-1063,Headphones,4,150.0,600,South
670,2025-10-29,CUST-1051,Mouse,4,30.0,120,West
671,2025-10-26,CUST-1031,Tablet,4,450.0,1800,East
672,2025-02-21,CUST-1018,Smartphone,1,800.0,800,North
673,2025-02-24,CUST-1083,Headphones,3,150.0,450,South
674,2025-10-16,CUST-1088,Mouse,1,30.0,30,West
675,2025-02-21,CUST-1000,Laptop,1,1200.0,1200,North
676,2025-05-27,CUST-1096,Mouse,2,30.0,60,North
677,2025-10-02,CUST-1098,Keyboard,3,50.0,150,South
678,2025-06-26,CUST-1013,Tablet,2,450.0,900,West
679,2025-07-30,CUST-1099,Monitor,1,300.0,300,West
680,2025-05-16,CUST-1054,Mouse,4,30.0,120,North
681,2025-07-16,CUST-1028,Webcam,3,80.0,240,North
682,2025-12-02,CUST-1022,Monitor,4,300.0,1200,East
683,2025-09-06,CUST-1089,Monitor,1,300.0,300,South
684,2025-10-20,CUST-1066,Tablet,1,450.0,450,East
685,2025-11-08,CUST-1059,Tablet,1,450.0,450,North
686,2025-08-31,CUST-1006,Smartphone,3,800.0,2400,North
687,2025-01-20,CUST-1071,Keyboard,2,50.0,100,West
688,2025-03-30,CUST-1031,Smartphone,2,800.0,1600,West
689,2025-05-22,CUST-1015,Laptop,4,1200.0,4800,East
690,2025-07-26,CUST-1058,Mouse,3,30.0,90,North
691,2025-03-15,CUST-1017,Tablet,4,450.0,1800,South
692,2025-11-13,CUST-1059,Headphones,4,150.0,600,West
693,2025-11-08,CUST-1085,Tablet,2,450.0,900,West
694,2025-12-15,CUST-1067,Tablet,3,450.0,1350,North
695,2025-12-22,CUST-1071,Tablet,1,450.0,450,South
696,2025-07-25,CUST-1076,Tablet,4,450.0,1800,East
697,2025-01-20,CUST-1040,Webcam,1,80.0,80,South
698,2025-07-22,CUST-1096,Laptop,3,1200.0,3600,North
699,2025-06-19,CUST-1056,Headphones,4,150.0,600,South
700,2025-12-20,CUST-1078,Mouse,1,30.0,30,South
701,2025-05-02,CUST-1092,Monitor,1,300.0,300,North
702,2025-01-26,CUST-1064,Webcam,2,80.0,160,East
703,2025-09-01,CUST-1054,Keyboard,3,50.0,150,South
704,2025-05-18,CUST-1070,Webcam,3,80.0,240,North
705,2025-07-10,CUST-1057,Monitor,3,300.0,900,South
706,2025-01-11,CUST-1020,Monitor,4,300.0,1200,North
707,2025-06-22,CUST-1095,Keyboard,2,50.0,100,East
708,2025-06-05,CUST-1060,Webcam,4,80.0,320,West
709,2025-06-09,CUST-1057,Monitor,3,300.0,900,East
710,2025-05-24,CUST-1033,Mouse,4,30.0,120,West
711,2025-09-09,CUST-1096,Webcam,1,80.0,80,West
712,2025-12-23,CUST-1031,Webcam,4,80.0,320,South
713,2025-12-17,CUST-1081,Keyboard,4,50.0,200,North
714,2025-02-20,CUST-1035,Headphones,3,150.0,450,North
715,2025-04-27,CUST-1098,Headphones,1,150.0,150,North
716,2025-03-10,CUST-1099,Tablet,3,450.0,1350,East
717,2025-06-03,CUST-1066,Monitor,1,300.0,300,East
718,2025-08-15,CUST-1062,Tablet,1,450.0,450,
719,2025-06-14,CUST-1080,Keyboard,1,50.0,50,East
720,2025-05-18,CUST-1030,Laptop,3,1200.0,3600,South
721,2025-08-02,CUST-1035,Webcam,1,80.0,80,South
722,2025-11-06,CUST-1056,Mouse,2,30.0,60,West
723,2025-11-27,CUST-1009,Smartphone,2,800.0,1600,West
724,2025-02-15,CUST-1091,Smartphone,2,800.0,1600,North
725,2025-04-07,CUST-1036,Keyboard,2,50.0,100,East
726,2025-08-15,CUST-1030,Smartphone,3,800.0,2400,South
727,2025-04-19,CUST-1034,Tablet,4,450.0,1800,West
728,2025-07-28,CUST-1042,Keyboard,4,50.0,200,North
729,2025-09-06,CUST-1040,Webcam,2,80.0,160,North
730,2025-09-22,CUST-1069,Tablet,4,450.0,1800,East
731,2025-07-11,CUST-1010,Headphones,2,150.0,300,East
732,2025-01-29,CUST-1017,Smartphone,2,800.0,1600,North
733,2025-09-21,CUST-1019,Monitor,4,300.0,1200,
734,2025-03-23,CUST-1029,Webcam,4,80.0,320,East
735,2025-02-03,CUST-1049,Mouse,1,30.0,30,West
736,2025-06-09,CUST-1088,Laptop,2,1200.0,2400,West
737,2025-12-30,CUST-1019,Headphones,4,150.0,600,West
738,2025-09-17,CUST-1090,Laptop,4,1200.0,4800,South
739,2025-07-26,CUST-1027,Headphones,4,150.0,600,East
740,2025-03-11,CUST-1008,Mouse,1,30.0,30,West
741,2025-09-26,CUST-1053,Monitor,2,300.0,600,West
742,2025-10-19,CUST-1052,Headphones,2,150.0,300,North
743,2025-01-15,CUST-1042,Smartphone,3,800.0,2400,West
744,2025-03-30,CUST-1069,Mouse,1,30.0,30,North
745,2025-04-09,CUST-1059,Monitor,1,,300,East
746,2025-04-13,CUST-1053,Laptop,2,1200.0,2400,North
747,2025-01-30,CUST-1007,Mouse,3,30.0,90,West
748,2025-05-08,CUST-1026,Smartphone,3,800.0,2400,South
749,2025-01-17,CUST-1053,Mouse,2,30.0,60,South
750,2025-08-22,CUST-1049,Tablet,4,450.0,1800,East
751,2025-01-26,CUST-1098,Tablet,1,450.0,450,West
752,2025-07-04,CUST-1074,Laptop,3,1200.0,3600,East
753,2025-12-27,CUST-1089,Keyboard,4,50.0,200,North
754,2025-04-12,CUST-1002,Webcam,3,80.0,240,East
755,2025-05-21,CUST-1097,Tablet,4,450.0,1800,South
756,2025-07-08,CUST-1073,Webcam,4,80.0,320,East
757,2025-08-26,CUST-1048,Webcam,1,80.0,80,North
758,2025-09-16,CUST-1061,Laptop,3,1200.0,3600,West
759,2025-07-23,CUST-1000,Smartphone,3,800.0,2400,East
760,2025-11-22,CUST-1045,Laptop,4,1200.0,4800,North
761,2025-03-05,CUST-1038,Keyboard,2,50.0,100,South
762,2025-12-15,CUST-1096,Monitor,3,300.0,900,West
763,2025-01-16,CUST-1049,Tablet,1,450.0,450,East
764,2025-05-04,CUST-1053,Headphones,2,150.0,300,East
765,2025-07-10,CUST-1068,Smartphone,3,800.0,2400,South
766,2025-09-08,CUST-1095,Keyboard,1,50.0,50,East
767,2025-11-01,CUST-1094,Monitor,2,300.0,600,South
768,2025-08-17,CUST-1069,Keyboard,3,50.0,150,South
769,2025-04-01,CUST-1077,Smartphone,1,800.0,800,West
770,2025-08-31,CUST-1028,Laptop,2,1200.0,2400,South
771,2025-10-28,CUST-1062,Monitor,3,300.0,900,South
772,2025-10-10,CUST-1028,Headphones,2,150.0,300,South
773,2025-06-29,CUST-1034,Webcam,4,80.0,320,East
774,2025-06-26,CUST-1055,Smartphone,4,800.0,3200,South
775,2025-03-25,CUST-1062,Smartphone,2,800.0,1600,South
776,2025-05-13,CUST-1003,Webcam,4,80.0,320,South
777,2025-12-19,CUST-1049,Laptop,4,1200.0,4800,South
778,2025-02-16,CUST-1043,Monitor,2,300.0,600,East
779,2025-05-26,CUST-1085,Tablet,4,450.0,1800,South
780,2025-01-15,CUST-1086,Keyboard,2,50.0,100,North
781,2025-07-17,CUST-1051,Headphones,2,150.0,300,North
782,2025-01-26,CUST-1092,Laptop,4,1200.0,4800,North
783,2025-03-25,CUST-1021,Mouse,3,30.0,90,West
784,2025-10-20,CUST-1059,Monitor,2,300.0,600,North
785,2025-04-20,CUST-1016,Headphones,2,150.0,300,North
786,2025-04-24,CUST-1079,Tablet,3,450.0,1350,West
787,2025-11-28,CUST-1068,Smartphone,4,800.0,3200,East
788,2025-04-26,CUST-1003,Mouse,1,30.0,30,East
789,2025-12-13,CUST-1050,Smartphone,3,800.0,2400,West
790,2025-04-16,CUST-1075,Laptop,1,1200.0,1200,East
791,2025-05-18,CUST-1072,Headphones,4,150.0,600,West
792,2025-11-30,CUST-1084,Webcam,2,80.0,160,South
793,2025-07-29,CUST-1003,Laptop,2,1200.0,2400,East
794,2025-09-20,CUST-1010,Headphones,4,150.0,600,West
795,2025-01-11,CUST-1082,Mouse,4,30.0,120,South
796,2025-12-16,CUST-1054,Keyboard,4,50.0,200,South
797,2025-01-05,CUST-1017,Laptop,4,1200.0,4800,North
798,2025-08-31,CUST-1059,Mouse,4,30.0,120,West
799,2025-03-09,CUST-1023,Smartphone,4,800.0,3200,West
800,2025-11-28,CUST-1006,Mouse,4,30.0,120,North
801,2025-03-30,CUST-1033,Monitor,2,300.0,600,East
802,2025-11-04,CUST-1048,Smartphone,1,800.0,800,West
803,2025-01-05,CUST-1041,Mouse,1,30.0,30,South
804,2025-04-25,CUST-1027,Tablet,2,450.0,900,West
805,2025-05-10,CUST-1058,Laptop,3,1200.0,3600,North
806,2025-11-08,CUST-1041,Mouse,1,30.0,30,West
807,2025-06-06,CUST-1043,Mouse,3,30.0,90,East
808,2025-12-31,CUST-1097,Tablet,2,450.0,900,North
809,2025-12-30,CUST-1048,Webcam,3,80.0,240,North
810,2025-11-26,CUST-1035,Webcam,2,80.0,160,South
811,2025-05-21,CUST-1096,Tablet,4,450.0,1800,West
812,2025-08-05,CUST-1053,Tablet,4,450.0,1800,North
813,2025-07-12,CUST-1032,Smartphone,1,800.0,800,East
814,2025-06-28,CUST-1010,Webcam,1,80.0,80,East
815,2025-08-24,CUST-1060,Laptop,3,1200.0,3600,East
816,2025-05-10,CUST-1002,Keyboard,3,50.0,150,South
817,2025-04-22,CUST-1095,Monitor,1,300.0,300,East
818,2025-08-27,CUST-1069,Laptop,4,1200.0,4800,South
819,2025-06-04,CUST-1006,Monitor,2,300.0,600,East
820,2025-12-13,CUST-1044,Laptop,4,1200.0,4800,West
821,2025-09-24,CUST-1028,Mouse,1,30.0,30,East
822,2025-11-16,CUST-1083,Keyboard,2,50.0,100,East
823,2025-07-23,CUST-1008,Headphones,3,150.0,450,South
824,2025-10-27,CUST-1099,Webcam,1,80.0,80,West
825,2025-02-22,CUST-1083,Keyboard,4,50.0,200,West
826,2025-01-04,CUST-1005,Laptop,3,1200.0,3600,South
827,2025-09-19,CUST-1096,Monitor,3,300.0,900,West
828,2025-12-06,CUST-1003,Keyboard,1,50.0,50,East
829,2025-07-11,CUST-1031,Mouse,4,30.0,120,East
830,2025-10-15,CUST-1025,Laptop,1,1200.0,1200,West
831,2025-11-28,CUST-1002,Mouse,2,30.0,60,East
832,2025-11-01,CUST-1079,Keyboard,2,50.0,100,West
833,2025-11-08,CUST-1019,Smartphone,3,800.0,2400,South
834,2025-05-25,CUST-1030,Mouse,4,30.0,120,South
835,2025-06-02,CUST-1016,Headphones,2,150.0,300,South
836,2025-12-17,CUST-1060,Headphones,2,150.0,300,North
837,2025-02-25,CUST-1085,Webcam,2,80.0,160,East
838,2025-09-04,CUST-1014,Headphones,2,150.0,300,South
839,2025-02-02,CUST-1072,Mouse,1,30.0,30,West
840,2025-06-22,CUST-1027,Tablet,3,450.0,1350,West
841,2025-05-22,CUST-1059,Webcam,3,80.0,240,South
842,2025-11-24,CUST-1089,Webcam,2,80.0,160,South
843,2025-06-16,CUST-1032,Mouse,3,30.0,90,South
844,2025-05-22,CUST-1098,Keyboard,3,50.0,150,West
845,2025-05-14,CUST-1047,Smartphone,3,800.0,2400,North
846,2025-12-02,CUST-1021,Headphones,3,150.0,450,South
847,2025-12-31,CUST-1077,Smartphone,1,800.0,800,West
848,2025-11-30,CUST-1077,Headphones,2,150.0,300,West
849,2025-06-02,CUST-1095,Tablet,4,450.0,1800,South
850,2025-04-07,CUST-1091,Keyboard,1,50.0,50,East
851,2025-03-18,CUST-1014,Mouse,3,30.0,90,West
852,2025-09-22,CUST-1099,Smartphone,2,800.0,1600,East
853,2025-05-04,CUST-1020,Smartphone,2,800.0,1600,East
854,2025-01-30,CUST-1039,Mouse,2,30.0,60,North
855,2025-11-04,CUST-1013,Keyboard,2,50.0,100,West
856,2025-07-26,CUST-1074,Keyboard,3,50.0,150,North
857,2025-12-05,CUST-1003,Webcam,2,80.0,160,South
858,2025-06-13,CUST-1039,Headphones,4,150.0,600,North
859,2025-12-15,CUST-1073,Tablet,4,450.0,1800,South
860,2025-03-13,CUST-1086,Webcam,2,80.0,160,East
861,2025-01-14,CUST-1048,Mouse,3,30.0,90,West
862,2025-12-02,CUST-1050,Webcam,4,80.0,320,North
863,2025-09-12,CUST-1091,Laptop,4,1200.0,4800,West
864,2025-06-01,CUST-1025,Mouse,4,30.0,120,East
865,2025-05-13,CUST-1009,Headphones,1,150.0,150,East
866,2025-08-03,CUST-1075,Keyboard,1,50.0,50,East
867,2025-07-27,CUST-1088,Laptop,4,1200.0,4800,East
868,2025-07-18,CUST-1080,Smartphone,3,800.0,2400,East
869,2025-01-19,CUST-1031,Headphones,3,150.0,450,East
870,2025-10-26,CUST-1013,Mouse,4,30.0,120,North
871,2025-12-29,CUST-1089,Tablet,4,450.0,1800,West
872,2025-10-20,CUST-1098,Laptop,3,1200.0,3600,North
873,2025-04-08,CUST-1038,Tablet,1,450.0,450,East
874,2025-06-25,CUST-1087,Webcam,1,80.0,80,South
875,2025-04-24,CUST-1076,Laptop,4,1200.0,4800,South
876,2025-12-18,CUST-1015,Tablet,3,450.0,1350,East
877,2025-10-01,CUST-1072,Smartphone,1,800.0,800,East
878,2025-11-23,CUST-1100,Monitor,4,300.0,1200,East
879,2025-09-01,CUST-1005,Mouse,2,30.0,60,West
880,2025-12-10,CUST-1044,Mouse,4,30.0,120,West
881,2025-07-03,CUST-1068,Headphones,2,150.0,300,North
882,2025-09-17,CUST-1054,Laptop,4,1200.0,4800,West
883,2025-06-03,CUST-1084,Tablet,3,450.0,1350,East
884,2025-03-29,CUST-1047,Webcam,3,80.0,240,West
885,2025-12-03,CUST-1008,Mouse,3,30.0,90,South
886,2025-10-13,CUST-1064,Mouse,3,30.0,90,South
887,2025-04-03,CUST-1082,Webcam,2,80.0,160,East
888,2025-05-31,CUST-1043,Smartphone,4,800.0,3200,West
889,2025-02-19,CUST-1001,Tablet,3,450.0,1350,West
890,2025-08-30,CUST-1053,Mouse,1,30.0,30,North
891,2025-03-07,CUST-1062,Headphones,1,150.0,150,North
892,2025-05-13,CUST-1013,Mouse,1,30.0,30,South
893,2025-10-14,CUST-1055,Keyboard,4,50.0,200,East
894,2025-04-04,CUST-1046,Monitor,1,300.0,300,South
895,2025-12-15,CUST-1081,Smartphone,1,800.0,800,East
896,2025-06-21,CUST-1058,Laptop,2,1200.0,2400,East
897,2025-12-02,CUST-1090,Tablet,4,450.0,1800,East
898,2025-02-15,CUST-1019,Webcam,4,80.0,320,East
899,2025-04-24,CUST-1055,Headphones,1,150.0,150,West
900,2025-07-01,CUST-1022,Smartphone,4,800.0,3200,East
901,2025-04-25,CUST-1093,Keyboard,2,50.0,100,West
902,2025-06-07,CUST-1066,Keyboard,2,50.0,100,East
903,2025-08-04,CUST-1083,Webcam,3,80.0,240,West
904,2025-06-19,CUST-1034,Monitor,2,300.0,600,West
905,2025-07-10,CUST-1078,Keyboard,3,50.0,150,South
906,2025-05-14,CUST-1068,Webcam,1,80.0,80,South
907,2025-10-27,CUST-1099,Monitor,3,300.0,900,North
908,2025-05-31,CUST-1061,Smartphone,3,800.0,2400,South
909,2025-08-26,CUST-1059,Tablet,1,450.0,450,South
910,2025-03-02,CUST-1055,Smartphone,3,800.0,2400,East
911,2025-08-29,CUST-1093,Webcam,2,80.0,160,North
912,2025-01-28,CUST-1075,Tablet,1,450.0,450,South
913,2025-11-21,CUST-1034,Webcam,4,80.0,320,South
914,2025-10-26,CUST-1041,Smartphone,3,800.0,2400,West
915,2025-10-25,CUST-1031,Mouse,2,30.0,60,North
916,2025-11-14,CUST-1011,Mouse,4,30.0,120,North
917,2025-02-06,CUST-1035,Smartphone,1,800.0,800,North
918,2025-08-30,CUST-1057,Keyboard,1,50.0,50,West
919,2025-04-10,CUST-1031,Keyboard,1,50.0,50,North
920,2025-09-14,CUST-1096,Tablet,2,450.0,900,North
921,2025-03-03,CUST-1059,Tablet,4,450.0,1800,West
922,2025-12-15,CUST-1072,Mouse,1,30.0,30,North
923,2025-07-15,CUST-1078,Monitor,2,300.0,600,North
924,2025-09-29,CUST-1085,Smartphone,2,800.0,1600,East
925,2025-06-02,CUST-1048,Monitor,4,300.0,1200,South
926,2025-07-31,CUST-1043,Tablet,1,450.0,450,North
927,2025-01-28,CUST-1003,Monitor,1,300.0,300,West
928,2025-03-19,CUST-1063,Webcam,3,80.0,240,East
929,2025-03-12,CUST-1041,Laptop,1,1200.0,1200,South
930,2025-04-13,CUST-1023,Mouse,4,30.0,120,South
931,2025-06-25,CUST-1062,Mouse,2,30.0,60,East
932,2025-07-29,CUST-1027,Webcam,4,80.0,320,West
933,2025-10-19,CUST-1045,Tablet,1,450.0,450,South
934,2025-08-23,CUST-1033,Smartphone,2,800.0,1600,South
935,2025-03-15,CUST-1043,Smartphone,4,800.0,3200,South
936,2025-06-11,CUST-1035,Keyboard,1,50.0,50,North
937,2025-04-03,CUST-1076,Headphones,1,150.0,150,North
938,2025-02-11,CUST-1089,Webcam,1,80.0,80,East
939,2025-09-07,CUST-1035,Headphones,3,150.0,450,East
940,2025-06-20,CUST-1071,Headphones,3,150.0,450,West
941,2025-11-20,CUST-1001,Smartphone,3,800.0,2400,West
942,2025-04-01,CUST-1066,Tablet,2,450.0,900,East
943,2025-06-10,CUST-1024,Mouse,4,30.0,120,West
944,2025-11-21,CUST-1010,Smartphone,2,800.0,1600,South
945,2025-01-30,CUST-1030,Webcam,2,80.0,160,South
946,2025-01-03,CUST-1092,Webcam,1,80.0,80,West
947,2025-08-20,CUST-1052,Mouse,1,30.0,30,West
948,2025-05-21,CUST-1062,Tablet,2,450.0,900,East
949,2025-04-18,CUST-1071,Tablet,4,450.0,1800,East
950,2025-03-28,CUST-1097,Tablet,3,450.0,1350,West
951,2025-10-23,CUST-1030,Headphones,2,150.0,300,South
952,2025-03-23,CUST-1088,Laptop,2,1200.0,2400,North
953,2025-09-08,CUST-1060,Smartphone,4,800.0,3200,West
954,2025-02-15,CUST-1082,Tablet,4,450.0,1800,East
955,2025-03-08,CUST-1091,Keyboard,2,50.0,100,East
956,2025-11-11,CUST-1062,Tablet,1,450.0,450,West
957,2025-08-11,CUST-1057,Tablet,1,450.0,450,East
958,2025-11-21,CUST-1002,Mouse,2,30.0,60,South
959,2025-08-08,CUST-1011,Monitor,1,300.0,300,East
960,2025-07-26,CUST-1037,Mouse,4,30.0,120,North
961,2025-08-08,CUST-1028,Keyboard,3,50.0,150,North
962,2025-09-02,CUST-1051,Smartphone,4,800.0,3200,South
963,2025-07-16,CUST-1088,Keyboard,3,50.0,150,East
964,2025-01-03,CUST-1031,Monitor,2,300.0,600,East
965,2025-01-20,CUST-1039,Keyboard,2,50.0,100,West
966,2025-10-01,CUST-1084,Tablet,3,450.0,1350,North
967,2025-04-13,CUST-1074,Keyboard,1,50.0,50,West
968,2025-07-11,CUST-1047,Smartphone,2,800.0,1600,West
969,2025-01-08,CUST-1060,Tablet,3,450.0,1350,East
970,2025-06-14,CUST-1070,Tablet,1,450.0,450,North
971,2025-09-29,CUST-1067,Tablet,3,450.0,1350,West
972,2025-04-08,CUST-1044,Mouse,2,30.0,60,East
973,2025-01-10,CUST-1054,Laptop,2,1200.0,2400,South
974,2025-12-13,CUST-1095,Laptop,4,1200.0,4800,North
975,2025-01-03,CUST-1070,Smartphone,3,800.0,2400,East
976,2025-11-17,CUST-1042,Laptop,1,1200.0,1200,South
977,2025-05-08,CUST-1045,Keyboard,2,50.0,100,West
978,2025-04-26,CUST-1089,Monitor,4,300.0,1200,West
979,2025-12-22,CUST-1058,Headphones,4,150.0,600,West
980,2025-06-26,CUST-1034,Laptop,1,1200.0,1200,South
981,2025-06-09,CUST-1039,Webcam,2,80.0,160,South
982,2025-03-08,CUST-1032,Keyboard,4,50.0,200,West
983,2025-02-22,CUST-1029,Keyboard,1,50.0,50,West
984,2025-07-16,CUST-1015,Webcam,1,80.0,80,South
985,2025-09-15,CUST-1092,Monitor,3,300.0,900,East
986,2025-10-29,CUST-1024,Headphones,3,150.0,450,North
987,2025-06-06,CUST-1040,Keyboard,2,50.0,100,West
988,2025-03-27,CUST-1015,Webcam,4,80.0,320,South
989,2025-02-03,CUST-1095,Smartphone,4,800.0,3200,East
990,2025-01-24,CUST-1068,Laptop,3,1200.0,3600,East
991,2025-06-02,CUST-1097,Tablet,2,450.0,900,East
992,2025-05-29,CUST-1088,Webcam,4,80.0,320,West
993,2025-08-22,CUST-1023,Headphones,1,150.0,150,
994,2025-09-24,CUST-1024,Webcam,1,80.0,80,North
995,2025-11-02,CUST-1027,Webcam,1,80.0,80,South
996,2025-09-26,CUST-1094,Monitor,1,300.0,300,
997,2025-06-22,CUST-1061,Mouse,3,30.0,90,East
998,2025-08-11,CUST-1035,Tablet,2,450.0,900,North
999,2025-12-18,CUST-1092,Mouse,1,30.0,30,West
1000,2025-03-10,CUST-1075,Mouse,1,30.0,30,West
1,2025-07-23,CUST-1081,Keyboard,3,50.0,150,East
2,2025-09-17,CUST-1014,Smartphone,4,800.0,3200,West
3,2025-05-27,CUST-1003,Monitor,2,300.0,600,East
4,2025-11-18,CUST-1094,Keyboard,3,50.0,150,South
5,2025-12-31,CUST-1035,Monitor,1,300.0,300,South
6,2025-09-14,CUST-1031,Mouse,3,30.0,90,West
7,2025-08-01,CUST-1028,Tablet,2,450.0,900,North
8,2025-08-05,CUST-1017,Keyboard,4,50.0,200,South
9,2025-12-26,CUST-1094,Laptop,1,,1200,South
10,2025-07-25,CUST-1013,Tablet,3,450.0,1350,South
11,2025-02-12,CUST-1086,Keyboard,4,50.0,200,South
12,2025-11-24,CUST-1094,Laptop,2,1200.0,2400,North
13,2025-10-02,CUST-1069,Laptop,2,1200.0,2400,South
14,2025-10-03,CUST-1011,Keyboard,1,50.0,50,North
15,2025-11-12,CUST-1075,Tablet,1,450.0,450,East
